{
  "indexes": [
    {
      "collectionGroup": "tests",
      "queryScope": "COLLECTION",
      "fields": [
        {
          "fieldPath": "userref",
          "order": "ASCENDING"
        },
        {
          "fieldPath": "date",
          "order": "DESCENDING"
        }
      ]
    },
    {
      "collectionGroup": "bookings",
      "queryScope": "COLLECTION",
      "fields": [
        {
          "fieldPath": "docid",
          "order": "ASCENDING"
        },
        {
          "fieldPath": "isAvailable",
          "order": "ASCENDING"
        },
        {
          "fieldPath": "bookedSlot.availableTime",
          "order": "ASCENDING"
        }
      ]
    },
    {
      "collectionGroup": "bookings",
      "queryScope": "COLLECTION",
      "fields": [
        {
          "fieldPath": "docid",
          "order": "ASCENDING"
        },
        {
          "fieldPath": "bookedSlot.availableTime",
          "order": "ASCENDING"
        }
      ]
    },
    {
      "collectionGroup": "bookings",
      "queryScope": "COLLECTION",
      "fields": [
        {
          "fieldPath": "docid",
          "order": "ASCENDING"
        },
        {
          "fieldPath": "cancelled",
          "order": "ASCENDING"
        },
        {
          "fieldPath": "bookedSlot.availableTime",
          "order": "ASCENDING"
        }
      ]
    },
    {
      "collectionGroup": "bookings",
      "queryScope": "COLLECTION",
      "fields": [
        {
          "fieldPath": "userId",
          "order": "ASCENDING"
        },
        {
          "fieldPath": "cancelled",
          "order": "ASCENDING"
        },
        {
          "fieldPath": "bookedSlot.availableTime",
          "order": "ASCENDING"
        }
      ]
    },
    {
      "collectionGroup": "bookings",
      "queryScope": "COLLECTION",
      "fields": [
        {
          "fieldPath": "userId",
          "order": "ASCENDING"
        },
        {
          "fieldPath": "bookedSlot.availableTime",
          "order": "ASCENDING"
        }
      ]
    },
    {
      "collectionGroup": "notifications",
      "queryScope": "COLLECTION",
      "fields": [
        {
          "fieldPath": "userid",
          "order": "ASCENDING"
        },
        {
          "fieldPath": "time_created",
          "order": "DESCENDING"
        }
      ]
    },
    {
      "collectionGroup": "tests",
      "queryScope": "COLLECTION",
      "fields": [
        {
          "fieldPath": "category_name",
          "order": "ASCENDING"
        },
        {
          "fieldPath": "userref",
          "order": "ASCENDING"
        },
        {
          "fieldPath": "score",
          "order": "ASCENDING"
        },
        {
          "fieldPath": "date",
          "order": "ASCENDING"
        }
      ]
    },
    {
      "collectionGroup": "tests",
      "queryScope": "COLLECTION",
      "fields": [
        {
          "fieldPath": "category_name",
          "order": "ASCENDING"
        },
        {
          "fieldPath": "userref",
          "order": "ASCENDING"
        },
        {
          "fieldPath": "score",
          "order": "ASCENDING"
        }
      ]
    }
  ],
  "fieldOverrides": [
    {
      "collectionGroup": "fcm_tokens",
      "fieldPath": "fcm_token",
      "indexes": [
        {
          "order": "ASCENDING",
          "queryScope": "COLLECTION_GROUP"
        }
      ]
    }
  ]
}