{
  "project_info": {
    "project_number": "30888011060",
    "project_id": "sand-98353",
    "storage_bucket": "sand-98353.appspot.com"
  },
  "client": [
    {
      "client_info": {
        "mobilesdk_app_id": "1:30888011060:android:a3f30073040b2517f4b161",
        "android_client_info": {
          "package_name": "com.mycompany.sndapp"
        }
      },
      "oauth_client": [],
      "api_key": [
        {
          "current_key": "AIzaSyCjb_echkSQTtdTorodqN-WcWUQ6V0fUqM"
        }
      ],
      "services": {
        "appinvite_service": {
          "other_platform_oauth_client": []
        }
      }
    }
  ],
  "configuration_version": "1"
}